sound_type,duration_sec,pitch_hz,time_of_day,bowl_empty,intention
Meow,1.07,459.66,1,0,Open_Door
Meow,1.33,209.01,20,0,Pet_Me
Purr,2.37,309.42,18,0,Pet_Me
Meow,1.02,654.32,11,1,Open_Door
Purr,1.03,357.51,15,0,Pet_Me
Trill,0.52,97.07,18,0,Pet_Me
Meow,0.79,464.23,13,0,Open_Door
Meow,1.56,418.64,9,0,Open_Door
Meow,0.87,686.13,18,1,Open_Door
Silence,1.09,451.91,19,0,Open_Door
Meow,2.35,333.32,20,0,Pet_Me
Meow,1.06,486.32,18,0,Open_Door
Hiss,1.55,179.92,23,1,Angry
Meow,0.66,639.99,19,0,Open_Door
Hiss,1.59,525.32,5,1,Angry
Meow,2.71,599.91,15,1,Angry
Hiss,2.04,563.79,21,1,Angry
Trill,1.38,472.15,20,1,Open_Door
Purr,0.76,260.14,17,1,Pet_Me
Meow,2.06,413.53,19,0,Pet_Me
Meow,1.02,370.71,4,0,Open_Door
Silence,2.44,649.65,6,0,Hungry
Hiss,2.19,135.81,12,0,Angry
Silence,3.23,612.38,8,1,Hungry
Meow,1.18,577.23,0,1,Open_Door
Hiss,1.97,691.28,9,0,Angry
Hiss,1.63,457.64,4,1,Angry
Silence,2.7,655.46,7,0,Hungry
Trill,4.62,836.88,10,1,Hungry
Silence,2.09,853.66,5,1,Hungry
Meow,0.94,511.83,9,1,Open_Door
Meow,1.27,587.01,18,0,Open_Door
Purr,1.7,254.36,18,0,Pet_Me
Trill,0.73,626.99,13,1,Open_Door
Silence,1.03,520.31,6,0,Open_Door
Silence,2.74,880.85,3,1,Hungry
Meow,3.56,903.19,4,1,Hungry
Meow,1.36,293.08,1,0,Pet_Me
Meow,0.84,585.97,4,0,Open_Door
Meow,1.03,573.82,17,0,Open_Door
Purr,1.14,394.27,9,0,Pet_Me
Meow,1.63,317.15,12,0,Pet_Me
Purr,1.28,356.83,0,1,Pet_Me
Hiss,1.83,527.11,14,0,Angry
Hiss,1.59,808.03,3,0,Angry
Meow,0.95,511.88,13,1,Open_Door
Hiss,1.57,654.93,16,0,Angry
Hiss,2.52,574.39,16,0,Angry
Purr,2.38,352.71,5,0,Pet_Me
Hiss,1.88,872.68,19,1,Angry
Silence,1.29,445.74,6,0,Open_Door
Meow,0.74,473.39,7,0,Open_Door
Meow,1.11,369.42,18,1,Open_Door
Meow,0.88,447.3,4,1,Open_Door
Hiss,2.0,493.03,14,1,Angry
Hiss,1.76,585.96,23,1,Angry
Meow,1.26,218.47,9,0,Pet_Me
Purr,1.5,229.09,16,0,Pet_Me
Meow,1.02,446.36,14,0,Open_Door
Purr,1.28,269.48,8,0,Pet_Me
Meow,2.34,648.14,7,1,Hungry
Hiss,1.35,646.59,15,1,Angry
Trill,0.4,704.3,1,0,Open_Door
Purr,0.95,287.34,19,0,Pet_Me
Hiss,1.78,501.05,13,0,Angry
Hiss,1.75,507.73,18,1,Angry
Hiss,2.41,444.33,16,0,Angry
Hiss,1.51,436.23,19,0,Angry
Meow,0.39,366.14,15,0,Open_Door
Meow,3.75,1002.97,6,1,Hungry
Trill,2.82,685.33,4,1,Hungry
Meow,0.97,845.12,8,1,Hungry
Purr,0.87,263.01,16,1,Pet_Me
Meow,1.42,334.53,1,0,Open_Door
Hiss,1.36,645.82,21,0,Angry
Purr,0.96,519.83,21,1,Pet_Me
Hiss,3.08,562.57,10,0,Angry
Trill,1.3,437.15,18,1,Open_Door
Meow,1.12,385.8,7,1,Open_Door
Meow,0.77,506.78,11,0,Open_Door
Hiss,3.79,483.74,8,0,Angry
Meow,1.39,404.54,23,1,Open_Door
Meow,2.63,845.56,7,1,Hungry
Purr,0.84,247.17,1,0,Pet_Me
Meow,1.93,340.9,18,0,Pet_Me
Purr,1.07,247.15,4,0,Pet_Me
Purr,1.21,369.24,14,1,Pet_Me
Meow,1.17,430.83,11,0,Pet_Me
Meow,0.8,532.98,15,1,Open_Door
Hiss,1.5,433.17,9,1,Angry
Purr,1.55,337.43,3,0,Pet_Me
Purr,1.0,458.7,7,0,Pet_Me
Meow,1.75,666.11,5,1,Hungry
Meow,1.01,535.01,0,1,Open_Door
Meow,1.52,338.56,21,0,Pet_Me
Meow,0.88,449.66,17,1,Angry
Meow,3.15,669.15,7,0,Hungry
Trill,0.89,593.93,8,1,Hungry
Hiss,2.58,595.56,19,0,Angry
Purr,1.26,157.09,4,1,Pet_Me
Purr,1.52,391.57,11,1,Pet_Me
Meow,1.01,522.11,6,1,Open_Door
Purr,2.25,394.66,6,0,Pet_Me
Hiss,1.67,500.69,16,1,Angry
Purr,1.07,189.68,16,0,Pet_Me
Meow,0.93,486.87,23,0,Open_Door
Hiss,2.39,394.65,13,1,Angry
Meow,1.27,729.86,5,0,Hungry
Meow,0.76,589.99,18,1,Open_Door
Hiss,2.54,1162.49,5,0,Angry
Meow,0.8,564.82,18,0,Open_Door
Meow,4.48,1009.2,11,1,Hungry
Hiss,2.36,520.26,22,1,Angry
Trill,1.0,541.74,16,1,Open_Door
Meow,0.89,1022.73,6,0,Hungry
Hiss,2.41,849.86,11,1,Angry
Silence,1.14,629.47,14,0,Angry
Silence,2.86,987.6,7,1,Hungry
Hiss,2.61,473.03,0,1,Angry
Meow,1.29,496.21,9,0,Open_Door
Meow,0.53,687.68,4,0,Open_Door
Meow,2.65,717.78,8,1,Hungry
Meow,1.32,558.04,17,1,Open_Door
Purr,0.78,244.7,21,0,Pet_Me
Purr,1.61,313.91,1,0,Pet_Me
Purr,1.59,344.31,13,1,Pet_Me
Meow,2.52,295.08,6,1,Hungry
Trill,1.04,643.0,21,0,Open_Door
Trill,0.77,269.82,0,0,Open_Door
Silence,2.79,815.32,13,1,Angry
Hiss,0.68,712.1,15,0,Angry
Meow,0.71,481.14,22,0,Pet_Me
Trill,3.93,679.84,7,1,Hungry
Purr,1.95,195.25,19,0,Pet_Me
Meow,1.24,294.05,17,1,Open_Door
Hiss,2.36,952.1,14,1,Angry
Meow,1.12,368.11,22,0,Pet_Me
Hiss,2.02,256.25,4,1,Angry
Silence,2.91,702.54,6,1,Hungry
Purr,0.95,416.49,6,1,Pet_Me
Trill,0.74,367.94,0,1,Open_Door
Meow,3.85,596.59,7,1,Hungry
Hiss,1.56,582.04,15,0,Angry
Hiss,1.83,669.18,22,1,Angry
Meow,1.59,178.9,7,0,Pet_Me
Meow,1.3,347.86,16,0,Pet_Me
Meow,0.83,516.01,10,0,Open_Door
Meow,0.83,654.66,3,1,Open_Door
Silence,0.88,775.14,15,1,Open_Door
Purr,1.12,376.52,9,0,Pet_Me
Silence,0.95,516.29,12,0,Open_Door
Silence,1.76,718.84,16,0,Angry
Hiss,2.68,707.26,17,0,Angry
Purr,2.06,192.95,14,1,Pet_Me
Meow,1.0,608.05,20,1,Open_Door
Meow,1.05,553.74,10,0,Open_Door
Meow,1.31,343.18,8,1,Pet_Me
Hiss,2.84,580.6,1,1,Angry
Meow,2.77,662.64,6,1,Hungry
Purr,1.22,265.97,13,0,Pet_Me
Meow,4.61,890.54,6,1,Hungry
Meow,1.35,918.62,8,1,Hungry
Hiss,2.72,534.49,8,0,Angry
Meow,1.17,205.2,5,1,Pet_Me
Meow,1.59,239.41,20,0,Pet_Me
Purr,5.27,897.56,8,0,Hungry
Meow,3.15,782.2,19,0,Angry
Purr,1.89,293.82,14,0,Pet_Me
Hiss,1.9,372.25,21,1,Angry
Silence,2.29,710.43,4,1,Hungry
Hiss,2.08,604.2,6,1,Angry
Meow,1.86,243.92,18,0,Pet_Me
Meow,3.42,889.5,6,1,Hungry
Meow,0.98,347.67,6,0,Pet_Me
Meow,0.69,545.64,18,0,Open_Door
Meow,4.42,670.23,8,1,Hungry
Meow,0.99,465.38,7,1,Open_Door
Meow,0.58,515.9,10,0,Open_Door
Meow,0.84,618.36,5,0,Open_Door
Hiss,2.54,626.71,8,0,Angry
Trill,0.66,324.97,7,0,Open_Door
Hiss,1.14,986.85,5,0,Angry
Purr,1.44,293.12,15,0,Pet_Me
Hiss,1.9,934.39,5,1,Angry
Meow,0.55,577.15,11,0,Open_Door
Meow,1.69,174.63,12,0,Pet_Me
Meow,0.79,388.54,1,0,Open_Door
Trill,0.95,460.29,15,0,Pet_Me
Meow,3.89,886.94,9,1,Hungry
Trill,0.81,396.71,19,1,Open_Door
Meow,2.78,875.32,6,1,Hungry
Hiss,1.37,100.0,9,0,Angry
Silence,0.95,542.95,10,1,Open_Door
Trill,1.08,725.03,0,0,Open_Door
Silence,3.57,1051.0,8,1,Hungry
Purr,1.32,262.5,8,0,Pet_Me
Purr,0.6,241.82,15,0,Pet_Me
Hiss,1.17,887.35,16,0,Angry
Trill,1.36,492.83,4,1,Open_Door
Meow,1.54,560.93,16,1,Open_Door
Trill,0.99,888.28,8,1,Hungry
Purr,1.81,814.27,9,1,Hungry
Meow,4.33,660.53,6,1,Hungry
Meow,0.8,416.67,11,1,Open_Door
Meow,2.21,665.55,9,1,Hungry
Hiss,1.92,596.9,15,1,Angry
Meow,1.19,389.2,6,0,Angry
Hiss,1.67,960.01,3,1,Angry
Trill,1.4,528.15,8,0,Open_Door
Meow,3.01,814.13,11,0,Hungry
Hiss,2.65,639.58,18,0,Angry
Silence,4.4,830.88,6,1,Hungry
Trill,1.91,299.64,12,1,Pet_Me
Meow,0.98,534.92,0,1,Open_Door
Trill,1.59,238.52,11,0,Pet_Me
Hiss,2.53,918.19,18,1,Angry
Meow,0.45,587.12,3,0,Open_Door
Meow,1.08,529.78,4,0,Open_Door
Meow,4.15,831.49,6,1,Hungry
Purr,0.98,318.82,10,1,Pet_Me
Meow,5.39,714.17,6,1,Hungry
Meow,3.53,625.21,5,1,Hungry
Hiss,2.17,567.08,19,0,Angry
Meow,1.33,446.1,16,1,Open_Door
Meow,5.06,937.13,8,1,Hungry
Silence,1.84,479.88,9,1,Angry
Meow,0.83,446.72,2,0,Open_Door
Purr,2.22,236.53,11,0,Pet_Me
Meow,1.59,360.13,10,1,Pet_Me
Hiss,2.66,634.18,22,0,Angry
Purr,1.58,377.35,16,0,Pet_Me
Meow,3.18,795.16,6,0,Hungry
Meow,2.34,490.13,19,1,Angry
Purr,1.75,402.12,2,1,Pet_Me
Meow,2.04,478.5,8,0,Hungry
Trill,0.91,468.51,19,0,Open_Door
Purr,2.54,360.36,10,0,Pet_Me
Purr,1.6,327.03,10,0,Pet_Me
Purr,1.86,310.79,5,0,Pet_Me
Meow,1.44,366.0,0,1,Open_Door
Trill,1.77,418.05,9,1,Pet_Me
Meow,3.08,1155.3,7,1,Hungry
Hiss,0.19,606.94,7,1,Angry
Meow,4.97,1026.34,7,1,Hungry
Meow,2.03,644.2,9,1,Hungry
Hiss,2.14,372.63,12,1,Angry
Hiss,2.18,563.73,2,0,Angry
Hiss,0.32,591.58,23,1,Angry
Purr,1.39,308.65,6,0,Pet_Me
Hiss,1.03,571.02,11,1,Angry
Purr,1.83,51.7,1,0,Pet_Me
Meow,0.89,723.69,7,0,Open_Door
Meow,0.64,498.14,16,1,Open_Door
Meow,1.2,417.33,15,1,Open_Door
Hiss,2.68,403.63,22,0,Angry
Purr,1.44,358.9,0,0,Pet_Me
Meow,2.23,909.87,8,1,Hungry
Meow,4.48,684.79,6,1,Hungry
Hiss,0.73,429.93,12,0,Angry
Meow,1.56,909.22,4,1,Hungry
Purr,1.41,197.6,11,0,Pet_Me
Trill,1.28,512.64,16,1,Open_Door
Purr,0.84,390.89,8,1,Pet_Me
Meow,3.41,838.05,7,0,Hungry
Silence,3.36,818.33,3,1,Hungry
Meow,0.92,508.08,12,0,Open_Door
Purr,1.52,358.08,8,1,Pet_Me
Meow,0.88,575.79,22,0,Open_Door
Meow,1.79,378.73,8,0,Pet_Me
Meow,1.39,195.06,18,0,Pet_Me
Meow,1.15,516.84,9,0,Open_Door
Meow,0.94,427.58,15,0,Open_Door
Meow,2.17,718.27,5,1,Hungry
Meow,1.61,214.56,7,1,Pet_Me
Meow,1.24,683.25,15,1,Open_Door
Meow,3.19,446.76,3,0,Angry
Hiss,2.8,715.41,2,1,Angry
Meow,2.41,865.06,6,1,Hungry
Meow,3.0,1144.98,8,1,Hungry
Purr,1.89,325.02,12,0,Pet_Me
Meow,1.22,408.16,3,0,Open_Door
Meow,0.97,477.12,19,1,Open_Door
Meow,0.1,288.13,0,1,Angry
Meow,0.83,173.64,15,0,Pet_Me
Silence,0.73,591.05,8,1,Open_Door
Trill,1.11,476.97,5,1,Open_Door
Silence,5.13,874.94,6,1,Hungry
Meow,2.31,796.97,6,1,Hungry
Meow,3.46,736.97,8,1,Hungry
Meow,1.06,357.2,20,0,Pet_Me
Meow,1.32,570.87,18,1,Open_Door
Meow,0.64,448.53,21,1,Open_Door
Hiss,1.5,448.99,16,0,Angry
Trill,3.49,992.88,7,1,Hungry
Meow,0.95,158.22,21,1,Pet_Me
Meow,0.83,343.17,10,1,Open_Door
Purr,1.49,183.08,1,0,Pet_Me
Hiss,3.01,914.98,1,1,Angry
Meow,4.0,652.01,4,1,Hungry
Silence,5.02,795.3,3,1,Hungry
Meow,1.01,345.36,6,0,Pet_Me
Meow,1.75,428.03,21,0,Pet_Me
Meow,4.4,988.78,2,1,Hungry
Meow,3.86,679.44,14,0,Hungry
Purr,2.07,50.0,0,1,Pet_Me
Purr,1.79,431.81,21,0,Pet_Me
Purr,0.97,304.82,0,0,Pet_Me
Meow,2.57,862.34,8,1,Hungry
Meow,1.58,586.82,3,1,Angry
Hiss,1.65,568.58,14,1,Angry
Meow,1.48,1205.1,5,1,Hungry
Meow,1.01,645.02,18,0,Open_Door
Silence,4.36,559.15,4,1,Hungry
Meow,1.06,608.62,23,1,Open_Door
Meow,1.52,445.53,3,1,Open_Door
Purr,1.55,498.97,21,0,Pet_Me
Purr,1.05,214.43,20,0,Pet_Me
Meow,2.39,601.42,9,1,Hungry
Purr,1.66,314.82,4,1,Pet_Me
Silence,1.12,887.84,7,1,Hungry
Meow,0.37,533.1,17,0,Open_Door
Meow,0.82,701.7,16,1,Open_Door
Meow,2.36,871.82,6,1,Hungry
Meow,0.81,508.78,19,0,Open_Door
Meow,0.82,506.75,15,0,Open_Door
Hiss,1.44,658.81,4,0,Angry
Hiss,2.34,287.08,20,1,Angry
Meow,0.72,597.47,18,0,Open_Door
Meow,0.57,568.17,13,0,Open_Door
Meow,1.48,417.08,16,1,Open_Door
Silence,2.02,704.79,8,1,Hungry
Hiss,1.77,327.34,9,0,Angry
Silence,0.66,513.71,14,1,Angry
Silence,1.89,353.74,0,0,Open_Door
Hiss,2.34,537.41,22,1,Angry
Purr,1.41,235.76,16,0,Pet_Me
Hiss,2.74,1099.63,20,1,Angry
Hiss,1.46,733.59,14,0,Angry
Meow,1.15,380.28,19,0,Pet_Me
Silence,3.35,1004.32,3,0,Hungry
Hiss,3.45,455.48,3,0,Angry
Meow,1.71,540.4,10,0,Open_Door
Purr,1.76,210.59,6,0,Pet_Me
Purr,1.39,270.62,8,1,Pet_Me
Purr,2.09,260.77,17,0,Pet_Me
Hiss,0.84,386.81,0,0,Angry
Meow,0.85,319.03,10,0,Pet_Me
Meow,0.92,463.87,16,1,Open_Door
Purr,1.1,247.94,15,1,Pet_Me
Hiss,1.94,404.66,16,0,Angry
Trill,1.49,563.45,11,0,Open_Door
Purr,1.75,270.33,4,0,Pet_Me
Meow,1.07,311.34,21,1,Open_Door
Meow,2.98,948.85,5,1,Hungry
Meow,0.77,229.78,18,0,Pet_Me
Purr,0.95,297.87,23,0,Pet_Me
Silence,0.77,578.98,2,1,Open_Door
Hiss,2.86,485.46,18,1,Angry
Purr,1.85,320.97,1,0,Pet_Me
Purr,0.94,234.18,1,1,Pet_Me
Meow,0.51,439.66,7,1,Open_Door
Hiss,0.1,628.51,10,0,Angry
Meow,2.5,914.77,6,1,Hungry
Meow,1.06,472.06,2,1,Open_Door
Meow,1.14,477.65,9,0,Pet_Me
Meow,1.62,182.71,4,1,Pet_Me
Hiss,2.32,782.45,19,0,Angry
Trill,0.93,628.93,15,0,Open_Door
Meow,2.57,268.98,12,0,Pet_Me
Purr,1.19,310.35,14,0,Pet_Me
Purr,1.68,200.63,20,0,Pet_Me
Meow,1.51,487.4,16,0,Open_Door
Hiss,2.76,484.53,13,0,Angry
Purr,1.33,112.28,9,0,Pet_Me
Meow,2.72,691.83,6,0,Hungry
Meow,1.03,509.79,17,0,Open_Door
Trill,0.61,490.06,18,0,Open_Door
Meow,1.91,235.51,15,0,Pet_Me
Meow,2.84,907.7,5,1,Hungry
Hiss,1.3,397.2,5,0,Angry
Trill,1.05,215.61,9,0,Pet_Me
Meow,2.61,689.75,7,1,Hungry
Meow,2.11,533.62,7,1,Hungry
Hiss,2.92,425.19,12,1,Angry
Meow,1.68,109.81,0,1,Pet_Me
Meow,1.1,389.45,20,0,Open_Door
Purr,1.55,329.29,7,1,Pet_Me
Silence,1.42,518.44,7,0,Open_Door
Purr,1.23,353.03,3,0,Pet_Me
Meow,3.23,595.17,3,0,Hungry
Meow,0.48,491.04,3,1,Open_Door
Hiss,0.66,530.24,5,0,Angry
Hiss,1.89,724.32,16,0,Angry
Silence,0.81,438.27,21,0,Open_Door
Meow,1.17,390.14,10,0,Open_Door
Silence,1.34,659.18,17,1,Open_Door
Meow,1.32,296.75,13,0,Open_Door
Purr,2.0,432.2,11,0,Pet_Me
Hiss,3.9,435.09,16,1,Angry
Meow,3.14,762.53,6,1,Hungry
Purr,0.74,311.25,3,0,Pet_Me
Purr,2.46,262.16,12,1,Pet_Me
Meow,3.05,963.73,5,1,Hungry
Meow,3.39,792.37,6,1,Hungry
Meow,1.2,480.7,1,0,Open_Door
Hiss,2.59,718.64,1,1,Angry
Meow,1.21,406.65,21,0,Open_Door
Silence,1.19,452.76,3,0,Open_Door
Meow,1.88,925.72,10,1,Angry
Trill,1.89,985.77,8,1,Hungry
Meow,1.45,522.81,21,0,Open_Door
Meow,1.11,603.35,17,1,Open_Door
Meow,3.23,727.31,3,1,Hungry
Hiss,1.86,557.42,1,0,Angry
Meow,3.38,719.65,4,1,Hungry
Silence,4.71,959.7,8,1,Hungry
Purr,1.04,252.19,22,0,Pet_Me
Meow,1.94,101.41,23,0,Angry
Hiss,1.54,622.48,14,1,Angry
Hiss,1.35,398.95,17,1,Angry
Trill,1.08,409.07,22,0,Open_Door
Meow,4.68,724.82,6,0,Hungry
Meow,4.66,761.15,6,1,Hungry
Meow,0.89,516.45,12,0,Open_Door
Hiss,2.26,315.52,14,0,Angry
Purr,2.08,201.66,21,1,Pet_Me
Hiss,1.96,835.64,16,0,Angry
Meow,3.05,552.57,7,1,Hungry
Silence,1.76,514.5,14,0,Angry
Hiss,1.85,650.71,23,1,Angry
Purr,1.22,225.67,19,0,Pet_Me
Hiss,2.49,554.69,17,0,Angry
Trill,1.74,1150.17,6,1,Hungry
Trill,1.17,484.37,21,0,Open_Door
Silence,3.21,792.45,7,1,Hungry
Purr,1.69,372.49,19,0,Pet_Me
Meow,0.78,523.98,6,0,Open_Door
Purr,1.24,212.63,0,1,Pet_Me
Hiss,1.65,617.38,12,1,Angry
Purr,1.64,226.53,12,1,Pet_Me
Meow,0.79,592.33,15,1,Open_Door
Meow,0.58,519.36,22,1,Open_Door
Meow,3.06,409.45,0,0,Pet_Me
Hiss,1.75,737.0,21,0,Angry
Meow,3.8,377.44,8,1,Hungry
Meow,3.67,620.01,4,1,Hungry
Hiss,2.9,756.71,8,0,Angry
Meow,3.18,441.06,6,1,Hungry
Meow,0.89,436.1,3,0,Open_Door
Hiss,2.29,606.36,22,1,Angry
Meow,0.83,638.73,3,0,Open_Door
Purr,0.87,275.52,4,0,Pet_Me
Purr,1.36,155.99,2,1,Pet_Me
Meow,1.14,597.21,23,1,Open_Door
Hiss,1.46,768.68,2,1,Angry
Meow,1.14,250.21,11,1,Pet_Me
Purr,1.82,349.31,12,0,Pet_Me
Purr,5.47,791.92,8,1,Hungry
Hiss,2.11,506.9,16,0,Angry
Hiss,2.11,787.32,13,1,Angry
Hiss,1.5,201.47,20,1,Angry
Hiss,1.15,408.68,19,0,Angry
Purr,2.63,56.36,13,0,Pet_Me
Meow,1.4,547.52,9,0,Open_Door
Meow,0.49,465.91,6,0,Open_Door
Meow,0.98,732.8,23,1,Open_Door
Meow,4.88,544.26,8,1,Hungry
Trill,0.75,643.39,16,1,Open_Door
Meow,0.99,504.51,8,0,Open_Door
Meow,0.97,369.18,1,1,Open_Door
Meow,1.64,635.87,8,1,Hungry
Meow,2.49,663.32,4,0,Angry
Meow,0.98,466.01,18,1,Open_Door
Meow,0.7,363.53,5,0,Open_Door
Hiss,2.31,717.43,16,0,Angry
Meow,0.65,453.91,9,1,Open_Door
Meow,0.54,458.15,6,0,Open_Door
Meow,1.84,1051.48,10,1,Hungry
Purr,3.88,652.24,8,1,Hungry
Silence,1.35,584.11,7,0,Open_Door
Purr,1.41,268.29,12,1,Pet_Me
Meow,1.54,379.53,14,0,Open_Door
Silence,0.91,504.9,18,0,Open_Door
Meow,0.91,410.1,1,1,Open_Door
Purr,2.19,255.99,16,0,Pet_Me
Meow,1.07,508.69,19,0,Open_Door
Hiss,2.06,471.65,22,1,Angry
Purr,1.72,291.23,21,0,Pet_Me
Meow,0.64,380.96,20,1,Open_Door
Meow,3.49,670.11,7,1,Hungry
Meow,1.11,360.0,12,0,Open_Door
Silence,3.35,752.41,7,1,Hungry
Meow,1.88,197.23,21,0,Pet_Me
Silence,0.27,413.92,20,0,Angry
Hiss,2.5,518.24,21,0,Angry
Hiss,1.68,805.94,20,0,Angry
Meow,2.62,725.73,4,1,Hungry
Trill,1.77,244.31,16,0,Pet_Me
Meow,3.88,454.91,10,0,Hungry
Meow,2.98,849.96,8,1,Hungry
Meow,1.22,463.58,4,1,Open_Door
Hiss,0.24,475.18,23,0,Angry
Hiss,1.29,600.19,17,1,Angry
Meow,1.69,286.61,3,0,Pet_Me
Hiss,1.74,973.84,8,0,Angry
Hiss,2.46,670.91,10,0,Angry
Hiss,2.28,597.33,19,1,Angry
Meow,1.17,676.19,5,1,Open_Door
Meow,0.93,426.44,23,0,Open_Door
Silence,1.99,753.48,19,1,Angry
Meow,2.09,1083.3,9,1,Hungry
Purr,1.39,168.78,2,0,Pet_Me
Silence,3.13,767.12,4,0,Angry
Purr,0.84,415.83,1,0,Pet_Me
Meow,1.33,433.83,18,0,Angry
Trill,1.69,382.42,17,0,Open_Door
Meow,1.75,761.43,10,1,Hungry
Meow,1.79,747.86,2,1,Hungry
Trill,0.75,493.27,17,0,Open_Door
Purr,1.17,304.17,22,0,Pet_Me
Meow,1.51,513.71,17,0,Open_Door
Silence,0.6,450.73,12,1,Open_Door
Purr,1.74,338.74,13,0,Pet_Me
Trill,0.81,449.89,16,0,Open_Door
Hiss,2.83,572.27,2,1,Angry
Hiss,2.45,511.59,18,0,Angry
Purr,0.93,151.63,5,0,Pet_Me
Purr,1.54,252.53,6,1,Pet_Me
Hiss,2.41,573.0,17,1,Angry
Meow,0.54,504.75,5,0,Open_Door
Hiss,2.21,708.7,21,0,Angry
Meow,0.35,397.94,22,1,Open_Door
Hiss,2.08,330.58,18,0,Angry
Purr,1.74,357.14,23,0,Pet_Me
Meow,1.03,465.44,15,0,Open_Door
Meow,0.92,531.39,15,0,Open_Door
Meow,1.14,328.31,5,0,Pet_Me
Meow,1.37,420.61,4,0,Pet_Me
Meow,2.3,1055.24,4,1,Hungry
Meow,3.32,736.47,10,1,Hungry
Meow,2.55,1138.74,4,1,Hungry
Hiss,2.08,576.92,23,1,Angry
Purr,1.29,244.63,8,0,Pet_Me
Purr,2.31,680.0,6,1,Hungry
Hiss,1.7,561.83,3,1,Angry
Purr,0.78,236.15,23,0,Pet_Me
Silence,1.82,752.55,10,0,Angry
Meow,3.2,851.92,6,1,Hungry
Hiss,2.28,830.6,4,1,Angry
Hiss,3.36,811.75,23,0,Angry
Meow,3.52,877.94,4,1,Hungry
Meow,2.76,820.11,3,1,Hungry
Meow,3.32,736.36,9,1,Hungry
Meow,1.67,286.62,11,0,Pet_Me
Meow,1.24,793.74,6,1,Hungry
Meow,1.09,432.94,21,1,Open_Door
Purr,4.16,761.63,6,1,Hungry
Meow,1.37,642.58,12,1,Open_Door
Meow,1.43,245.1,4,1,Pet_Me
Hiss,0.1,574.93,19,1,Angry
Meow,1.12,485.19,2,0,Open_Door
Meow,1.17,140.08,20,0,Pet_Me
Hiss,2.08,442.57,14,1,Angry
Meow,1.05,590.59,21,0,Open_Door
Hiss,2.19,399.39,15,0,Angry
Silence,1.86,833.99,8,1,Angry
Meow,1.09,630.91,3,1,Open_Door
Meow,3.77,782.11,7,1,Hungry
Meow,2.98,801.35,6,1,Hungry
Hiss,1.61,817.04,14,0,Angry
Meow,1.69,305.07,23,1,Pet_Me
Meow,0.84,544.29,12,0,Open_Door
Hiss,2.15,484.64,10,0,Angry
Hiss,1.92,818.16,9,1,Angry
Purr,1.08,333.54,0,0,Pet_Me
Meow,1.16,190.32,7,1,Pet_Me
Meow,3.12,812.28,6,1,Hungry
Meow,3.96,825.88,6,1,Hungry
Meow,2.5,611.35,12,0,Angry
Meow,0.99,320.36,12,1,Open_Door
Hiss,0.57,749.65,10,0,Angry
Meow,1.24,374.51,2,0,Angry
Silence,1.92,752.41,7,0,Angry
Silence,0.99,471.96,15,1,Open_Door
Trill,1.77,293.49,0,0,Pet_Me
Silence,3.67,795.2,6,0,Hungry
Meow,0.91,666.89,16,0,Open_Door
Meow,3.34,723.17,6,1,Hungry
Purr,1.94,247.91,12,1,Pet_Me
Meow,1.04,575.79,4,1,Open_Door
Meow,3.56,912.82,7,1,Hungry
Meow,4.58,716.69,7,1,Hungry
Purr,1.34,206.97,13,1,Pet_Me
Meow,0.98,398.95,12,0,Pet_Me
Hiss,0.8,710.08,10,0,Angry
Purr,1.55,347.81,12,0,Pet_Me
Meow,0.78,431.81,11,0,Open_Door
Hiss,3.14,226.79,10,0,Angry
Meow,3.07,871.96,8,0,Hungry
Silence,1.38,528.71,20,0,Angry
Meow,1.12,441.93,10,0,Pet_Me
Meow,0.78,479.19,17,0,Open_Door
Hiss,2.04,614.28,19,1,Angry
Purr,2.21,254.79,9,1,Pet_Me
Meow,4.99,853.89,4,1,Hungry
Hiss,2.38,609.3,15,1,Angry
Meow,2.85,776.25,8,1,Hungry
Hiss,2.59,395.01,19,0,Angry
Hiss,1.36,741.33,8,0,Angry
Purr,1.46,261.71,8,0,Pet_Me
Meow,0.84,392.54,15,0,Open_Door
Hiss,1.33,342.19,7,0,Angry
Hiss,1.84,846.81,2,0,Angry
Hiss,3.65,585.32,22,1,Angry
Meow,1.25,520.55,8,0,Open_Door
Hiss,2.66,353.84,13,0,Angry
Silence,1.06,753.61,16,0,Open_Door
Silence,0.81,506.63,17,0,Open_Door
Silence,2.3,501.91,20,0,Angry
Trill,0.92,371.6,1,1,Open_Door
Meow,1.0,677.99,16,0,Open_Door
Meow,1.21,458.22,1,0,Open_Door
Meow,1.08,545.29,18,0,Open_Door
Meow,0.96,665.58,18,0,Open_Door
Meow,2.4,673.35,6,1,Hungry
Hiss,0.63,810.57,3,0,Angry
Meow,1.1,506.39,18,0,Open_Door
Meow,2.59,782.78,6,1,Hungry
Meow,4.42,805.36,4,1,Hungry
Silence,2.81,862.82,5,1,Hungry
Meow,2.58,678.2,6,1,Hungry
Meow,0.28,435.39,7,0,Open_Door
Hiss,2.23,797.28,11,1,Angry
Meow,2.57,687.63,8,1,Hungry
Meow,3.13,785.04,2,1,Hungry
Trill,0.5,356.53,17,1,Open_Door
Meow,0.5,342.23,9,1,Open_Door
Meow,3.5,816.71,9,0,Hungry
Silence,0.99,585.54,9,0,Open_Door
Meow,3.03,823.27,6,1,Hungry
Trill,1.5,620.67,18,1,Open_Door
Meow,0.46,540.68,19,1,Open_Door
Meow,1.25,584.82,3,0,Open_Door
Meow,3.93,1059.35,7,1,Hungry
Meow,0.9,381.12,16,0,Open_Door
Meow,2.82,754.64,6,1,Angry
Purr,2.44,282.84,20,0,Pet_Me
Meow,0.81,539.83,11,0,Open_Door
Purr,0.98,314.73,4,0,Pet_Me
Trill,1.93,984.86,11,1,Hungry
Trill,0.66,904.86,6,1,Hungry
Hiss,1.27,363.3,16,1,Angry
Meow,1.22,311.64,4,1,Pet_Me
Purr,1.44,388.79,22,1,Pet_Me
Meow,3.87,751.9,5,1,Hungry
Trill,1.28,374.18,14,0,Open_Door
Meow,2.81,288.54,9,1,Angry
Meow,1.81,163.2,12,0,Pet_Me
Hiss,2.39,305.18,21,1,Angry
Meow,1.37,743.78,7,1,Hungry
Meow,0.95,543.49,3,0,Open_Door
Meow,1.19,585.11,8,0,Open_Door
Meow,1.05,476.14,13,1,Open_Door
Purr,1.71,323.41,12,0,Pet_Me
Hiss,1.59,644.95,6,1,Angry
Hiss,1.93,578.85,12,0,Angry
Meow,2.11,684.18,8,1,Hungry
Silence,1.12,490.19,13,0,Open_Door
Meow,1.22,295.01,4,1,Open_Door
Meow,1.71,842.17,7,1,Hungry
Hiss,2.41,476.61,14,1,Angry
Hiss,0.81,768.75,11,1,Angry
Hiss,1.86,290.3,1,1,Angry
Purr,1.61,259.67,14,1,Pet_Me
Meow,0.71,539.95,6,0,Open_Door
Meow,0.38,670.29,17,0,Open_Door
Hiss,1.77,610.4,19,0,Angry
Hiss,2.2,386.1,11,1,Angry
Purr,1.73,415.09,8,0,Pet_Me
Silence,3.39,731.6,7,1,Hungry
Meow,5.38,664.94,9,1,Hungry
Hiss,2.09,292.9,8,1,Angry
Meow,0.99,408.47,4,1,Open_Door
Purr,2.08,366.51,7,0,Pet_Me
Meow,1.47,178.62,14,0,Pet_Me
Meow,0.79,494.0,1,0,Open_Door
Meow,1.86,231.83,8,1,Pet_Me
Hiss,1.4,420.88,3,1,Angry
Hiss,2.57,542.41,17,1,Angry
Meow,1.28,268.62,15,0,Pet_Me
Hiss,1.63,440.94,11,1,Angry
Meow,0.59,604.81,16,1,Open_Door
Trill,0.76,421.13,1,1,Open_Door
Hiss,2.07,534.04,0,1,Angry
Silence,1.38,559.34,7,0,Angry
Meow,3.72,804.81,6,1,Hungry
Silence,0.79,418.32,12,1,Open_Door
Purr,1.05,218.24,1,0,Pet_Me
Meow,1.13,408.48,22,1,Open_Door
Meow,1.65,219.97,7,1,Pet_Me
Meow,2.02,269.51,2,1,Pet_Me
Meow,0.92,560.16,22,1,Open_Door
Hiss,2.01,708.75,17,1,Angry
Hiss,3.57,439.02,14,0,Angry
Purr,1.67,372.61,15,1,Pet_Me
Meow,0.93,555.56,5,0,Open_Door
Trill,1.88,402.05,5,1,Pet_Me
Meow,2.87,696.45,7,1,Hungry
Meow,0.43,640.98,12,1,Open_Door
Meow,1.1,519.58,12,1,Open_Door
Purr,1.09,199.38,8,0,Pet_Me
Hiss,1.87,530.79,21,0,Angry
Purr,1.62,251.81,0,0,Pet_Me
Purr,1.47,363.9,8,0,Pet_Me
Hiss,2.24,759.05,4,1,Angry
Meow,1.25,656.19,1,1,Open_Door
Meow,1.13,396.49,15,0,Open_Door
Meow,2.35,564.89,4,1,Angry
Meow,0.6,441.11,10,1,Open_Door
Hiss,1.94,813.04,6,0,Angry
Meow,0.78,298.2,16,0,Pet_Me
Trill,3.09,650.48,8,1,Hungry
Trill,0.45,429.68,13,0,Pet_Me
Meow,1.28,254.84,11,0,Pet_Me
Hiss,3.47,454.73,1,1,Angry
Meow,1.01,593.71,13,1,Open_Door
Meow,1.21,554.17,6,0,Open_Door
Hiss,2.95,402.5,21,1,Angry
Meow,1.37,580.41,17,1,Open_Door
Meow,0.98,497.17,5,1,Pet_Me
Meow,1.53,380.55,2,0,Open_Door
Purr,0.26,474.49,7,1,Pet_Me
Meow,2.02,662.44,10,1,Angry
Hiss,3.12,358.33,12,1,Angry
Hiss,1.52,554.31,2,0,Angry
Hiss,1.02,323.27,2,1,Angry
Purr,3.83,657.14,8,1,Hungry
Meow,1.21,79.84,19,0,Pet_Me
Meow,2.43,696.48,7,1,Hungry
Meow,1.09,563.1,10,0,Open_Door
Meow,1.26,221.11,16,0,Pet_Me
Meow,0.8,419.16,13,1,Open_Door
Meow,4.38,591.08,6,0,Hungry
Hiss,2.99,672.62,5,1,Angry
Meow,0.93,272.01,7,1,Pet_Me
Purr,2.51,419.5,21,0,Pet_Me
Silence,1.89,475.18,21,0,Angry
Silence,3.91,662.69,1,1,Hungry
Purr,1.33,185.01,14,0,Pet_Me
Meow,3.78,680.38,3,1,Hungry
Purr,1.6,809.53,5,0,Hungry
Silence,1.28,820.37,15,0,Angry
Meow,3.77,839.85,7,1,Hungry
Trill,1.99,446.08,1,1,Pet_Me
Purr,1.3,351.25,17,0,Pet_Me
Meow,0.9,441.17,9,0,Open_Door
Meow,0.9,651.54,16,1,Open_Door
Silence,1.84,730.54,3,1,Hungry
Trill,1.11,322.56,18,0,Open_Door
Purr,1.71,270.25,4,1,Pet_Me
Meow,1.12,455.08,2,0,Open_Door
Hiss,3.17,486.0,11,0,Angry
Meow,1.26,554.44,7,1,Open_Door
Meow,0.9,300.38,11,0,Pet_Me
Meow,2.0,421.44,15,0,Pet_Me
Meow,1.33,135.04,9,1,Pet_Me
Purr,1.81,324.65,18,1,Pet_Me
Trill,0.79,656.21,22,0,Open_Door
Trill,0.96,488.29,0,0,Open_Door
Hiss,2.88,539.46,7,1,Angry
Silence,2.72,861.96,4,1,Hungry
Meow,1.11,191.55,23,0,Pet_Me
Meow,2.07,410.28,2,1,Angry
Meow,1.34,490.79,10,1,Open_Door
Meow,2.42,1101.81,7,1,Hungry
Silence,1.01,445.21,5,1,Open_Door
Hiss,2.16,177.78,13,1,Angry
Silence,3.22,738.79,2,1,Hungry
Hiss,2.12,696.55,22,0,Angry
Hiss,1.04,392.0,2,1,Angry
Hiss,1.06,526.67,1,0,Angry
Meow,0.99,480.98,11,0,Open_Door
Hiss,1.91,476.88,17,1,Angry
Meow,1.25,291.86,9,0,Pet_Me
Hiss,0.1,919.05,2,0,Angry
Silence,1.8,898.69,0,0,Angry
Trill,0.98,533.89,1,1,Open_Door
Meow,0.9,609.33,9,0,Open_Door
Silence,1.58,539.48,22,1,Open_Door
Trill,1.78,224.68,7,1,Pet_Me
Meow,4.34,983.33,9,1,Hungry
Meow,1.79,286.25,1,1,Pet_Me
Hiss,3.15,486.7,11,0,Angry
Meow,0.93,520.49,5,0,Open_Door
Meow,1.02,486.89,19,0,Open_Door
Meow,4.22,848.32,3,1,Hungry
Meow,0.65,629.31,3,0,Open_Door
Meow,4.29,647.85,8,1,Hungry
Trill,1.46,365.05,23,0,Open_Door
Meow,0.92,334.82,10,1,Open_Door
Hiss,2.63,1151.46,14,1,Angry
Hiss,1.56,533.4,12,1,Angry
Purr,1.47,308.46,10,0,Pet_Me
Meow,0.61,522.39,22,0,Open_Door
Meow,1.02,50.0,19,1,Pet_Me
Meow,2.42,332.16,7,0,Pet_Me
Hiss,2.33,570.2,19,1,Angry
Meow,3.07,936.74,8,1,Hungry
Purr,1.04,370.67,8,0,Pet_Me
Purr,2.01,255.49,6,1,Pet_Me
Meow,2.53,468.62,4,1,Hungry
Trill,0.62,476.98,10,1,Open_Door
Hiss,2.62,371.37,8,0,Angry
Meow,1.0,491.23,18,0,Open_Door
Hiss,2.64,834.53,14,1,Angry
Hiss,1.81,729.4,16,1,Angry
Meow,1.33,339.94,9,0,Pet_Me
Trill,1.28,579.3,7,0,Open_Door
Hiss,1.23,672.09,4,0,Angry
Purr,2.15,151.88,18,0,Pet_Me
Purr,1.51,220.15,11,0,Pet_Me
Meow,0.61,416.03,18,0,Open_Door
Meow,0.89,557.16,23,0,Open_Door
Hiss,2.74,639.27,5,1,Angry
Purr,3.44,979.2,7,1,Hungry
Meow,2.01,421.12,23,1,Pet_Me
Meow,1.94,675.13,9,1,Hungry
Purr,1.65,403.12,1,1,Pet_Me
Meow,1.86,545.65,17,1,Open_Door
Purr,0.77,420.19,22,0,Pet_Me
Meow,0.71,642.87,12,0,Open_Door
Meow,1.76,347.65,21,1,Pet_Me
Purr,1.9,491.98,11,0,Pet_Me
Meow,2.08,869.88,6,1,Hungry
Meow,1.27,943.57,5,1,Hungry
Trill,3.17,751.88,8,1,Hungry
Meow,1.37,287.43,11,0,Pet_Me
Hiss,2.01,634.61,22,0,Angry
Meow,3.18,831.6,10,1,Hungry
Trill,0.94,419.39,11,1,Open_Door
Meow,2.73,694.7,5,1,Hungry
Meow,1.79,302.68,10,1,Pet_Me
Meow,3.48,681.66,7,1,Hungry
Hiss,2.33,785.89,3,0,Angry
Hiss,4.09,1101.75,21,0,Angry
Hiss,2.1,387.23,5,0,Angry
Silence,2.52,381.65,19,1,Angry
Hiss,0.46,306.98,18,1,Angry
Meow,0.99,429.85,15,0,Open_Door
Purr,1.58,280.93,0,0,Pet_Me
Meow,0.9,606.87,5,0,Open_Door
Hiss,2.69,572.69,2,0,Angry
Hiss,3.58,463.95,11,0,Angry
Meow,0.73,273.7,14,1,Pet_Me
Meow,0.37,582.48,21,0,Open_Door
Meow,3.07,653.3,11,1,Hungry
Silence,1.04,530.94,23,0,Angry
Purr,2.06,301.92,8,0,Pet_Me
Purr,1.9,196.57,20,0,Pet_Me
Purr,0.67,240.17,0,0,Pet_Me
Purr,1.82,305.08,11,0,Pet_Me
Hiss,1.71,402.34,19,0,Angry
Meow,5.31,700.68,8,0,Hungry
Meow,1.42,532.88,2,0,Open_Door
Purr,1.55,287.53,15,1,Pet_Me
Purr,1.06,326.99,12,0,Pet_Me
Hiss,2.15,508.4,9,0,Angry
Purr,1.47,465.64,13,0,Pet_Me
Meow,1.9,768.46,6,1,Hungry
Meow,0.97,321.77,22,0,Open_Door
Meow,0.73,630.27,21,0,Open_Door
Hiss,0.41,661.34,23,0,Angry
Meow,1.19,282.72,1,1,Open_Door
Hiss,2.28,638.99,16,1,Angry
Meow,3.58,691.82,8,1,Hungry
Meow,2.9,698.4,4,0,Hungry
Meow,0.95,745.12,22,0,Open_Door
Hiss,1.86,641.4,6,1,Angry
Meow,1.26,404.34,22,1,Open_Door
Purr,2.0,337.77,5,1,Pet_Me
Meow,0.96,484.83,11,1,Open_Door
Hiss,1.23,592.03,5,0,Angry
Meow,0.79,372.33,2,0,Open_Door
Purr,1.7,270.95,3,0,Pet_Me
Silence,0.59,1230.76,6,0,Hungry
Hiss,0.82,213.87,17,0,Angry
Meow,0.86,302.57,0,0,Pet_Me
Silence,0.78,699.71,22,0,Open_Door
Hiss,1.65,594.44,22,1,Angry
Meow,1.49,412.23,11,1,Open_Door
Trill,3.66,932.51,5,1,Hungry
Purr,0.91,269.7,7,1,Pet_Me
Purr,0.93,317.12,11,0,Pet_Me
Meow,1.57,625.61,12,1,Open_Door
Meow,1.36,226.66,6,0,Pet_Me
Purr,1.59,455.57,14,0,Pet_Me
Purr,0.69,432.35,19,1,Pet_Me
Meow,0.94,601.24,17,0,Open_Door
Meow,2.43,67.12,17,1,Pet_Me
Purr,1.53,333.53,20,0,Pet_Me
Hiss,2.6,840.92,22,1,Angry
Meow,4.45,828.45,5,1,Hungry
Silence,1.43,780.36,7,0,Angry
Purr,1.77,135.02,16,1,Pet_Me
Meow,0.77,195.38,6,0,Pet_Me
Meow,0.93,521.76,18,1,Open_Door
Purr,1.04,251.46,14,0,Pet_Me
Hiss,0.37,833.72,5,0,Angry
Silence,0.79,412.92,2,1,Angry
Trill,3.53,1008.47,8,1,Hungry
Meow,1.13,592.81,1,1,Open_Door
Meow,4.15,676.64,6,1,Hungry
Trill,1.05,424.97,11,0,Open_Door
Meow,1.09,434.44,9,1,Open_Door
Silence,0.91,380.31,11,0,Open_Door
Hiss,3.15,557.2,4,1,Angry
Trill,3.8,1105.55,6,1,Hungry
Meow,1.36,522.85,14,0,Open_Door
Purr,2.89,308.91,4,0,Pet_Me
Silence,1.95,664.38,8,1,Angry
Meow,5.42,947.05,6,1,Hungry
Purr,1.62,370.31,9,0,Pet_Me
Meow,0.88,528.59,19,0,Open_Door
Meow,2.9,563.3,8,1,Hungry
Meow,0.77,473.09,4,1,Open_Door
Purr,2.19,447.87,9,0,Pet_Me
Hiss,3.27,762.61,3,1,Angry
Trill,0.73,507.81,1,0,Open_Door
Meow,0.7,616.42,13,1,Open_Door
Meow,0.59,375.11,13,0,Open_Door
Meow,1.19,486.17,3,1,Open_Door
Silence,2.03,584.74,8,1,Hungry
Hiss,1.63,569.4,16,0,Angry
Hiss,2.71,372.25,13,1,Angry
Silence,3.23,830.83,9,1,Hungry
Meow,3.15,809.03,5,1,Hungry
Meow,4.16,871.6,7,1,Hungry
Meow,3.22,834.93,3,1,Hungry
Meow,5.67,1011.22,3,1,Hungry
Meow,3.75,829.82,4,1,Hungry
Purr,0.51,268.65,9,0,Pet_Me
Meow,1.87,982.2,9,0,Hungry
Trill,2.51,821.81,4,1,Hungry
Silence,1.9,745.66,17,1,Angry
Purr,1.67,326.46,2,0,Pet_Me
Hiss,1.08,745.93,23,1,Angry
Hiss,1.3,582.66,7,1,Angry
Hiss,1.94,645.06,8,1,Angry
Meow,0.77,553.67,14,1,Open_Door
Hiss,1.85,501.16,11,0,Angry
Meow,1.1,747.71,9,1,Open_Door
Meow,0.85,433.51,17,1,Open_Door
Hiss,0.95,633.43,17,1,Angry
Silence,1.09,509.69,18,0,Open_Door
Purr,1.34,359.78,16,1,Pet_Me
Meow,3.0,647.77,7,1,Hungry
Meow,0.65,602.4,21,1,Open_Door
Hiss,1.78,162.85,20,1,Angry
Meow,2.5,742.18,5,1,Hungry
Meow,0.94,496.1,22,1,Open_Door
Hiss,1.74,793.59,19,1,Angry
Silence,4.02,712.8,7,1,Hungry
Purr,0.96,440.76,9,0,Pet_Me
Hiss,2.54,394.58,22,1,Angry
Meow,0.83,490.86,19,0,Open_Door
Hiss,3.31,596.98,21,0,Angry
Trill,2.41,443.71,16,0,Pet_Me
Meow,1.31,358.12,10,1,Pet_Me
Purr,1.94,322.57,3,0,Pet_Me
Silence,1.52,464.66,14,1,Angry
Purr,0.84,251.93,8,0,Pet_Me
Meow,2.79,804.46,2,1,Hungry
Purr,1.73,319.85,19,1,Pet_Me
Meow,0.94,763.88,5,1,Open_Door
Meow,1.2,478.82,22,0,Open_Door
Meow,4.15,731.53,7,1,Hungry
Meow,1.11,367.7,1,0,Open_Door
Purr,1.72,284.84,21,0,Pet_Me
Silence,2.94,596.31,1,1,Angry
Meow,1.06,477.54,15,1,Open_Door
Meow,0.94,518.34,15,1,Open_Door
Meow,0.57,565.14,22,0,Open_Door
Silence,1.96,646.23,2,0,Angry
Meow,0.24,580.79,14,1,Open_Door
Hiss,2.08,446.08,18,0,Angry
Purr,1.47,256.04,5,0,Pet_Me
Purr,1.4,350.17,1,0,Pet_Me
Trill,1.91,721.86,6,1,Hungry
Hiss,3.18,737.19,7,0,Angry
Meow,0.85,506.03,18,0,Open_Door
Purr,1.13,221.6,20,0,Pet_Me
Meow,3.37,732.13,7,1,Hungry
Meow,2.25,594.09,5,1,Hungry
Purr,1.22,117.14,4,1,Pet_Me
Meow,4.43,699.1,9,1,Hungry
Hiss,2.21,521.25,6,0,Angry
Hiss,4.17,500.64,16,0,Angry
Meow,2.72,505.49,8,1,Hungry
Trill,1.36,113.58,0,0,Pet_Me
Purr,1.56,251.59,2,0,Pet_Me
Hiss,1.9,572.8,13,1,Angry
Meow,0.81,384.36,10,1,Open_Door
Meow,1.44,351.41,20,1,Pet_Me
Hiss,1.67,733.7,7,0,Angry
Hiss,1.92,494.63,6,0,Angry
Meow,0.56,336.51,3,0,Open_Door
Trill,1.7,646.47,6,1,Hungry
Trill,2.58,731.07,8,1,Hungry
Meow,1.38,324.56,19,0,Open_Door
Hiss,2.41,701.77,2,1,Angry
Purr,1.71,545.71,6,0,Pet_Me
Hiss,1.02,526.03,16,0,Angry
Meow,1.14,433.03,10,1,Pet_Me
Meow,0.89,118.38,22,1,Pet_Me
Meow,1.64,442.21,15,1,Open_Door
Meow,1.11,768.78,5,1,Hungry
Meow,2.91,766.85,3,1,Angry
Meow,2.2,84.59,14,0,Pet_Me
Purr,1.44,168.4,19,1,Pet_Me
Meow,3.02,690.37,5,1,Hungry
Hiss,1.5,754.21,12,1,Angry
Meow,0.31,113.01,4,0,Pet_Me
Silence,1.22,504.76,15,1,Open_Door
Meow,1.03,405.54,21,1,Open_Door
Meow,0.62,412.2,22,1,Open_Door
Meow,1.1,966.98,10,1,Hungry
Hiss,2.54,760.47,16,0,Angry
Meow,3.25,486.41,10,0,Hungry
Purr,2.19,287.23,23,1,Pet_Me
Hiss,2.33,454.45,19,1,Angry
Trill,2.79,697.43,7,1,Hungry
Meow,1.5,389.25,23,0,Pet_Me
Silence,0.64,479.59,8,0,Open_Door
Purr,0.81,362.94,20,1,Pet_Me
Trill,1.61,215.35,5,0,Pet_Me
Hiss,1.56,545.97,21,0,Angry
Trill,3.64,1232.64,6,1,Hungry
Hiss,1.9,249.27,21,1,Angry
Meow,1.19,528.27,11,0,Open_Door
Meow,1.2,607.26,16,1,Open_Door
Meow,1.0,540.59,2,0,Open_Door
Trill,3.77,761.76,11,0,Hungry
Meow,0.95,444.32,20,0,Open_Door
Trill,2.09,162.17,2,0,Pet_Me
Purr,2.42,241.72,8,1,Pet_Me
Meow,1.11,584.83,13,1,Open_Door
Meow,1.23,702.91,2,0,Angry
Hiss,2.0,780.58,19,1,Angry
Silence,2.74,623.51,5,1,Hungry
Meow,2.98,636.03,4,1,Hungry
Meow,1.73,875.87,6,0,Hungry
Meow,1.03,453.62,0,1,Open_Door
Meow,1.23,569.33,17,0,Open_Door
Purr,1.51,182.13,21,1,Pet_Me
Purr,2.07,501.0,14,0,Pet_Me
Hiss,1.82,622.05,22,0,Angry
Meow,4.42,613.23,5,1,Hungry
Meow,2.55,732.94,6,1,Hungry
Meow,1.68,743.72,7,1,Hungry
Hiss,2.41,704.59,0,0,Angry
Meow,2.75,791.19,9,1,Hungry
Meow,0.81,538.04,2,1,Open_Door
Silence,0.99,436.09,0,0,Open_Door
Silence,0.89,731.4,11,0,Open_Door
Meow,1.53,457.53,12,1,Open_Door
Purr,2.65,350.95,20,0,Pet_Me
Meow,3.78,500.39,8,1,Hungry
Meow,0.65,925.05,8,1,Hungry
Meow,0.77,485.94,6,1,Open_Door
Purr,1.38,160.02,18,1,Pet_Me
Hiss,1.26,498.82,5,0,Angry
Meow,3.47,680.74,10,1,Hungry
Meow,0.68,576.2,22,0,Open_Door
Meow,1.88,252.14,16,0,Pet_Me
Meow,1.08,296.34,10,1,Open_Door
Meow,2.99,889.23,5,0,Hungry
Purr,1.63,174.44,8,1,Pet_Me
Purr,1.38,318.85,2,0,Pet_Me
Purr,1.68,329.14,5,0,Pet_Me
Meow,0.7,428.07,0,0,Open_Door
Hiss,1.79,659.52,14,0,Angry
Meow,3.82,963.54,4,1,Hungry
Hiss,2.84,1049.56,16,1,Angry
Purr,0.96,296.2,0,0,Pet_Me
Meow,2.51,248.06,21,0,Pet_Me
Meow,3.46,991.24,3,1,Hungry
Trill,0.84,587.75,16,1,Open_Door
Meow,1.63,349.65,7,0,Pet_Me
Meow,0.71,507.02,15,1,Open_Door
Purr,1.42,205.64,8,0,Pet_Me
Meow,1.27,424.3,20,1,Open_Door
Meow,2.27,974.6,6,1,Hungry
Meow,0.71,578.42,23,0,Open_Door
Hiss,2.08,499.15,23,0,Angry
Silence,2.57,116.2,0,1,Angry
Silence,2.17,662.82,15,0,Angry
Purr,1.3,389.51,5,1,Pet_Me
Hiss,1.41,603.35,7,1,Angry
Meow,3.87,496.78,6,1,Hungry
Purr,1.82,353.95,19,1,Pet_Me
Hiss,2.86,737.02,1,1,Angry
Meow,0.43,634.06,11,0,Open_Door
Meow,0.64,619.34,5,0,Open_Door
Silence,1.22,873.44,8,1,Angry
Purr,0.96,238.39,13,1,Pet_Me
Meow,1.28,822.27,13,0,Open_Door
Trill,2.28,870.64,11,1,Hungry
Hiss,3.07,452.86,13,1,Angry
Silence,2.0,314.56,20,1,Angry
Meow,0.65,596.26,19,0,Open_Door
Purr,4.05,779.65,7,1,Hungry
Meow,1.71,865.18,7,0,Hungry
Meow,1.04,829.28,7,1,Hungry
Meow,1.86,703.38,6,1,Hungry
Purr,0.88,213.77,4,0,Pet_Me
Meow,0.9,511.12,14,0,Open_Door
Meow,0.98,477.64,15,0,Open_Door
Meow,0.7,507.57,18,0,Open_Door
Meow,1.68,481.92,14,0,Open_Door
Silence,2.88,708.57,18,0,Angry
Purr,1.41,200.77,4,1,Pet_Me
Silence,0.75,530.95,16,0,Open_Door
Meow,1.09,569.25,17,0,Open_Door
Meow,1.49,588.22,9,1,Open_Door
Meow,1.33,433.92,16,0,Open_Door
Meow,1.11,531.45,7,1,Open_Door
Meow,2.53,556.25,8,1,Hungry
Meow,0.93,484.91,21,0,Pet_Me
Silence,4.5,837.0,6,1,Hungry
Meow,1.12,611.18,8,1,Open_Door
Hiss,1.06,783.93,10,1,Angry
Meow,3.78,894.59,9,1,Hungry
Meow,1.09,847.76,2,1,Hungry
Silence,1.92,936.34,7,1,Angry
Meow,0.9,715.78,1,0,Open_Door
Trill,1.27,315.1,12,1,Pet_Me
Meow,2.04,221.43,13,0,Pet_Me
Meow,1.91,900.19,3,0,Hungry
Meow,0.67,598.18,6,1,Hungry
Trill,1.75,865.84,2,1,Hungry
Meow,2.61,1067.37,8,1,Hungry
Hiss,2.19,893.59,9,1,Angry
Meow,3.02,803.31,7,1,Hungry
Hiss,3.06,540.63,13,0,Angry
Meow,1.33,1012.94,8,1,Hungry
Silence,1.86,615.93,0,0,Angry
Meow,0.7,567.99,20,1,Open_Door
Meow,1.72,705.69,4,1,Hungry
Hiss,3.2,650.26,1,0,Angry
Hiss,2.03,362.16,10,1,Angry
Meow,0.93,392.91,9,0,Open_Door
Meow,1.0,377.34,22,0,Open_Door
Hiss,0.71,545.01,13,0,Angry
Meow,1.29,676.63,16,0,Open_Door
Meow,1.0,797.36,22,0,Open_Door
Purr,2.08,96.49,5,0,Pet_Me
Trill,2.19,362.23,4,1,Pet_Me
Meow,3.93,858.08,9,1,Hungry
Meow,0.97,449.52,17,1,Open_Door
Purr,1.47,354.81,17,0,Pet_Me
Meow,0.78,524.55,7,1,Open_Door
Meow,1.55,172.08,0,1,Pet_Me
Hiss,1.98,633.93,11,0,Angry
Meow,3.58,999.85,4,0,Hungry
Meow,0.7,489.88,8,1,Open_Door
Hiss,1.41,410.83,20,0,Angry
Meow,1.17,528.48,8,1,Open_Door
Hiss,2.43,524.74,14,1,Angry
Trill,1.14,419.9,6,0,Open_Door
Meow,0.75,346.84,13,1,Open_Door
Purr,1.95,432.4,5,1,Pet_Me
Purr,1.37,250.55,9,0,Pet_Me
Meow,2.04,323.2,8,0,Pet_Me
Hiss,1.54,730.16,18,1,Angry
Meow,0.84,499.57,19,1,Open_Door
Trill,1.33,595.36,22,0,Open_Door
Trill,2.04,136.59,15,0,Pet_Me
Silence,2.19,679.29,6,1,Hungry
Meow,0.99,340.56,8,0,Pet_Me
Meow,1.05,496.39,22,0,Open_Door
Meow,1.9,65.69,21,0,Pet_Me
Meow,2.18,236.05,21,1,Pet_Me
Hiss,2.58,456.55,16,1,Angry
Silence,1.1,481.54,8,0,Open_Door
Trill,3.66,637.48,6,1,Hungry
Meow,1.11,568.56,3,1,Open_Door
Meow,1.59,659.73,4,1,Open_Door
Meow,2.68,336.26,19,1,Pet_Me
Meow,2.21,703.96,6,0,Hungry
Meow,2.69,588.16,5,1,Hungry
Silence,3.61,798.03,6,1,Hungry
Meow,1.35,153.45,11,1,Pet_Me
Hiss,1.2,427.11,15,0,Angry
Meow,1.35,454.39,19,1,Open_Door
Meow,0.97,434.0,20,0,Open_Door
Meow,1.57,269.26,21,0,Pet_Me
Silence,0.88,410.77,21,1,Open_Door
Meow,1.37,461.23,14,0,Open_Door
Purr,0.89,265.22,19,1,Pet_Me
Meow,3.71,659.37,7,1,Hungry
Trill,3.3,971.8,4,1,Hungry
Meow,3.74,616.57,6,1,Hungry
Meow,3.12,951.07,7,1,Hungry
Hiss,1.95,702.66,5,1,Angry
Meow,2.85,718.38,5,1,Hungry
Hiss,1.81,625.89,22,0,Angry
Meow,0.23,377.6,19,0,Open_Door
Meow,2.45,866.1,6,1,Hungry
Meow,1.78,325.03,21,1,Open_Door
Meow,1.01,662.58,14,0,Open_Door
Meow,1.72,385.04,15,1,Angry
Silence,1.47,779.14,10,1,Hungry
Meow,0.9,698.6,18,1,Open_Door
Purr,2.38,320.4,20,1,Pet_Me
Hiss,1.37,485.92,15,1,Angry
Meow,5.05,834.03,8,1,Hungry
Meow,1.03,225.6,20,0,Pet_Me
Purr,2.59,217.19,1,0,Pet_Me
Silence,3.52,876.09,5,0,Hungry
Trill,3.52,832.15,8,1,Hungry
Meow,0.66,506.79,3,1,Angry
Hiss,1.28,523.99,19,1,Angry
Hiss,3.65,389.38,18,1,Angry
Purr,1.05,352.71,7,0,Pet_Me
Meow,4.66,886.41,8,1,Hungry
Purr,2.06,383.38,15,1,Pet_Me
Meow,3.58,964.3,2,1,Hungry
Hiss,2.79,579.78,23,1,Angry
Silence,1.7,507.61,20,0,Angry
Silence,1.79,570.36,10,1,Angry
Hiss,1.29,782.91,5,1,Angry
Meow,2.73,780.87,4,1,Hungry
Meow,3.61,971.01,7,1,Hungry
Hiss,0.95,836.98,0,0,Angry
Meow,1.11,530.28,11,1,Open_Door
Silence,1.77,258.35,6,1,Angry
Purr,1.96,234.08,19,1,Pet_Me
Meow,0.99,535.47,6,1,Open_Door
Meow,1.38,618.86,6,1,Hungry
Silence,0.87,573.15,11,1,Open_Door
Purr,0.73,199.34,8,1,Pet_Me
Hiss,2.44,699.72,21,0,Angry
Hiss,0.49,861.26,21,1,Angry
Meow,3.09,586.54,4,1,Hungry
Hiss,1.49,602.95,1,0,Angry
Hiss,0.91,818.75,3,0,Angry
Meow,3.32,907.56,4,1,Hungry
Hiss,2.22,292.8,9,0,Angry
Hiss,3.37,652.76,2,0,Angry
Trill,0.79,545.88,8,1,Open_Door
Silence,1.59,588.02,17,1,Open_Door
Purr,1.13,124.66,6,0,Pet_Me
Meow,1.24,588.94,14,0,Open_Door
Hiss,0.2,270.94,13,0,Angry
Meow,1.38,346.68,13,1,Open_Door
Meow,1.4,463.45,9,1,Open_Door
Meow,3.15,799.23,7,1,Hungry
Meow,4.65,788.04,7,1,Hungry
Meow,2.33,631.38,7,1,Hungry
Hiss,2.36,403.7,16,1,Angry
Trill,1.94,962.24,7,1,Hungry
Meow,1.11,899.63,6,1,Hungry
Meow,2.24,915.96,3,0,Hungry
Purr,0.7,265.39,5,0,Pet_Me
Meow,0.99,457.71,8,0,Open_Door
Meow,1.44,533.7,4,0,Open_Door
Meow,0.82,898.8,16,1,Angry
Meow,1.26,449.6,4,1,Open_Door
Hiss,2.36,614.08,12,1,Angry
Meow,1.03,699.41,9,0,Open_Door
Purr,2.16,163.57,18,1,Pet_Me
Meow,1.47,498.48,3,1,Open_Door
Hiss,1.61,1027.03,16,0,Angry
Meow,1.25,664.2,3,0,Open_Door
Silence,0.33,548.46,13,1,Open_Door
Meow,1.22,497.21,13,1,Open_Door
Meow,0.86,481.84,7,0,Open_Door
Meow,2.29,1094.9,6,0,Hungry
Silence,2.03,567.3,13,0,Angry
Hiss,1.44,487.64,7,1,Angry
Silence,2.99,754.12,9,0,Hungry
Trill,3.55,505.29,7,1,Hungry
Meow,1.44,608.06,9,0,Open_Door
Meow,2.22,844.28,7,0,Hungry
Meow,1.81,292.38,21,0,Pet_Me
Meow,3.6,1002.07,7,1,Hungry
Purr,1.54,323.22,6,0,Pet_Me
Hiss,0.99,234.37,18,1,Angry
Purr,1.24,141.3,12,0,Pet_Me
Meow,0.35,356.41,3,1,Open_Door
Meow,1.13,420.65,0,0,Open_Door
Hiss,1.58,304.95,16,0,Angry
Silence,0.67,410.65,1,1,Open_Door
Trill,1.03,417.55,4,1,Pet_Me
Purr,1.16,509.96,6,0,Pet_Me
Meow,1.49,961.79,5,1,Hungry
Meow,1.77,798.9,16,1,Angry
Silence,3.1,796.96,8,1,Hungry
Meow,1.41,549.79,3,0,Open_Door
Meow,4.03,747.87,6,0,Hungry
Meow,1.28,583.8,7,0,Open_Door
Meow,2.95,774.45,7,1,Hungry
Meow,2.11,573.83,1,0,Pet_Me
Meow,0.57,563.12,6,0,Open_Door
Trill,4.24,728.46,8,1,Hungry
Meow,3.17,962.62,3,1,Hungry
Purr,1.89,73.29,14,0,Pet_Me
Meow,3.47,690.26,6,1,Hungry
Meow,1.11,405.96,18,1,Open_Door
Meow,0.59,360.66,4,0,Open_Door
Meow,3.6,849.02,2,1,Hungry
Meow,1.05,561.68,6,1,Open_Door
Purr,2.37,390.08,1,0,Pet_Me
Meow,4.04,993.85,8,1,Hungry
Meow,2.17,907.34,8,1,Hungry
Hiss,0.78,847.16,23,0,Angry
Meow,3.8,807.61,5,1,Hungry
Meow,1.04,556.05,0,1,Open_Door
Hiss,3.39,374.98,21,0,Angry
Hiss,1.83,737.82,22,1,Angry
Meow,1.05,412.87,14,0,Pet_Me
Meow,1.33,554.18,1,1,Open_Door
Meow,3.47,674.19,2,1,Hungry
Meow,1.25,602.96,9,0,Open_Door
Meow,3.33,464.85,11,1,Hungry
Meow,0.68,404.98,9,1,Open_Door
Meow,0.68,437.59,6,0,Pet_Me
Hiss,2.12,831.33,6,1,Angry
Silence,1.27,501.01,0,0,Open_Door
Meow,1.47,256.17,5,1,Open_Door
Purr,1.89,301.7,13,0,Pet_Me
Silence,1.21,443.81,19,1,Open_Door
Meow,0.85,530.64,13,1,Open_Door
Meow,0.79,605.67,18,0,Open_Door
Hiss,1.44,695.31,3,1,Angry
Meow,1.42,462.5,12,0,Open_Door
Meow,1.66,820.63,2,1,Hungry
Purr,1.59,306.57,22,0,Pet_Me
Hiss,2.05,452.05,13,0,Angry
Purr,0.87,446.31,2,0,Pet_Me
Silence,2.8,882.37,5,1,Hungry
Meow,3.8,815.12,6,1,Hungry
Meow,3.42,697.11,5,0,Hungry
Silence,0.88,642.99,23,0,Open_Door
Meow,0.94,500.23,11,1,Open_Door
Trill,4.78,982.46,5,1,Hungry
Silence,1.34,564.34,23,0,Open_Door
Hiss,1.8,534.74,8,1,Angry
Purr,0.84,52.9,6,0,Pet_Me
Meow,0.82,439.36,22,1,Open_Door
Hiss,4.04,636.24,15,1,Angry
Meow,1.06,559.66,0,1,Open_Door
Hiss,2.38,686.72,19,0,Angry
Meow,2.05,738.83,4,1,Hungry
Hiss,1.76,272.23,7,0,Angry
Purr,2.39,373.11,13,1,Pet_Me
Trill,1.31,612.72,11,1,Open_Door
Trill,0.85,516.09,14,0,Open_Door
Trill,1.62,223.25,7,0,Pet_Me
Meow,2.86,877.17,8,1,Hungry
Purr,1.62,284.55,9,0,Pet_Me
Hiss,2.88,336.57,8,0,Angry
Meow,3.6,947.01,9,1,Hungry
Hiss,3.09,333.78,9,1,Angry
Purr,1.71,388.52,4,0,Pet_Me
Meow,0.99,1002.71,1,1,Hungry
Purr,2.13,359.53,10,1,Pet_Me
Meow,2.03,726.06,5,1,Hungry
Purr,1.19,454.39,14,0,Pet_Me
Hiss,2.01,415.57,15,0,Angry
Meow,1.72,320.57,16,0,Pet_Me
Meow,1.61,304.41,4,0,Pet_Me
Silence,3.15,768.82,12,1,Angry
Meow,1.69,550.55,2,0,Pet_Me
Meow,4.53,836.35,7,1,Hungry
Meow,0.5,528.48,8,1,Open_Door
Trill,1.07,373.19,10,0,Pet_Me
Silence,0.73,340.82,0,0,Open_Door
Purr,1.58,405.74,7,1,Pet_Me
Hiss,2.68,553.8,22,0,Angry
Silence,2.98,675.35,6,1,Hungry
Meow,1.97,204.19,12,0,Pet_Me
Meow,1.2,407.45,9,1,Open_Door
Meow,1.32,536.92,5,0,Open_Door
Meow,2.85,1043.88,5,1,Hungry
Purr,1.78,355.22,9,0,Pet_Me
Meow,1.94,224.42,14,0,Pet_Me
Purr,1.64,261.66,4,0,Pet_Me
Meow,0.99,516.43,18,1,Open_Door
Trill,0.59,396.81,16,0,Open_Door
Meow,1.14,481.69,20,1,Open_Door
Meow,0.85,523.49,13,1,Open_Door
Meow,2.35,314.37,9,1,Angry
Purr,0.85,316.84,16,0,Pet_Me
Trill,1.04,522.59,21,0,Open_Door
Meow,2.12,600.83,20,1,Angry
Purr,0.86,233.21,15,1,Pet_Me
Hiss,2.54,473.07,2,0,Angry
Trill,1.18,506.4,10,1,Open_Door
Meow,2.07,823.93,13,0,Hungry
Meow,2.03,1052.74,6,1,Hungry
Purr,1.0,275.53,4,0,Pet_Me
Silence,0.57,304.78,19,1,Open_Door
Meow,0.63,536.7,1,0,Open_Door
Trill,1.47,195.05,17,1,Pet_Me
Hiss,1.94,626.35,2,0,Angry
Meow,2.63,773.98,8,0,Hungry
Meow,1.1,633.45,22,0,Open_Door
Purr,1.0,289.09,1,0,Pet_Me
Meow,0.79,374.27,11,0,Pet_Me
Silence,2.61,757.31,7,1,Hungry
Hiss,2.33,852.53,1,0,Angry
Meow,0.93,524.2,16,0,Open_Door
Purr,1.44,318.81,20,0,Pet_Me
Meow,1.15,414.47,16,0,Open_Door
Meow,1.66,618.17,1,0,Open_Door
Silence,3.34,577.56,8,1,Hungry
Meow,0.66,449.81,4,0,Open_Door
Meow,1.99,355.98,13,1,Pet_Me
Meow,3.98,766.06,5,1,Hungry
Trill,0.26,642.36,6,1,Hungry
Hiss,2.89,637.05,10,1,Angry
Hiss,1.19,613.52,20,1,Angry
Meow,1.8,874.14,7,1,Hungry
Meow,4.12,729.72,6,1,Hungry
Trill,2.51,850.32,6,1,Hungry
Meow,1.05,338.18,12,0,Pet_Me
Purr,1.94,130.18,10,0,Pet_Me
Meow,1.1,554.47,14,0,Open_Door
Purr,1.35,338.43,23,0,Pet_Me
Purr,1.93,224.11,0,1,Pet_Me
Purr,1.88,381.61,8,0,Pet_Me
Hiss,2.45,475.98,20,1,Angry
Meow,0.79,565.22,12,1,Open_Door
Hiss,0.83,459.63,2,0,Angry
Meow,1.1,539.93,1,0,Open_Door
Meow,0.82,600.19,4,0,Open_Door
Meow,1.54,443.34,22,1,Open_Door
Hiss,3.0,836.55,12,1,Angry
Trill,2.23,240.83,2,1,Pet_Me
Meow,1.1,493.0,17,1,Open_Door
Silence,1.88,532.62,15,1,Angry
Hiss,1.33,395.53,5,0,Angry
Meow,1.83,896.14,6,1,Angry
Trill,1.38,454.47,19,1,Open_Door
Meow,3.56,843.55,3,1,Hungry
Meow,2.24,354.72,0,1,Hungry
Meow,1.17,743.1,2,1,Hungry
Meow,2.72,713.16,4,1,Hungry
Meow,3.62,682.09,7,1,Hungry
Meow,1.06,571.64,15,1,Open_Door
Silence,0.93,352.94,8,1,Open_Door
Meow,1.31,234.14,21,1,Pet_Me
Hiss,2.43,530.03,4,0,Angry
Hiss,2.78,757.21,8,1,Angry
Meow,3.17,681.75,7,1,Hungry
Hiss,2.14,151.66,0,1,Angry
Hiss,1.58,943.75,19,0,Angry
Hiss,2.59,606.23,20,1,Angry
Meow,0.87,466.99,1,1,Open_Door
Purr,2.06,745.11,4,1,Hungry
Meow,3.38,744.16,6,1,Hungry
Purr,1.99,221.67,11,0,Pet_Me
Purr,2.09,718.0,6,1,Hungry
Meow,1.44,301.62,15,1,Open_Door
Hiss,3.35,392.93,3,0,Angry
Meow,3.11,993.98,8,1,Hungry
Meow,2.7,575.15,9,1,Hungry
Meow,0.91,354.86,23,0,Pet_Me
Trill,3.03,852.59,6,1,Hungry
Meow,1.14,429.35,6,0,Open_Door
Purr,1.63,546.16,10,0,Pet_Me
Trill,2.14,1110.1,7,1,Hungry
Meow,2.46,320.85,3,1,Pet_Me
Hiss,3.95,278.3,19,0,Angry
Meow,0.45,552.95,2,1,Open_Door
Hiss,1.48,621.42,3,0,Angry
Meow,2.41,630.12,21,1,Angry
Trill,0.95,225.8,7,1,Pet_Me
Hiss,2.73,214.52,1,0,Angry
Trill,0.96,702.41,8,0,Open_Door
Meow,5.05,635.53,7,1,Hungry
Hiss,1.05,864.41,11,1,Angry
Meow,0.44,1061.81,5,1,Hungry
Meow,1.18,555.08,6,1,Open_Door
Trill,0.97,524.84,3,0,Open_Door
Purr,1.8,390.31,6,0,Pet_Me
Meow,1.24,545.6,6,1,Open_Door
Hiss,2.45,577.19,8,0,Angry
Meow,1.06,517.95,6,1,Open_Door
Hiss,1.58,641.16,11,1,Angry
Meow,1.4,315.05,15,1,Open_Door
Meow,1.73,248.34,9,0,Pet_Me
Silence,3.19,969.48,6,1,Hungry
Meow,0.73,297.4,16,1,Open_Door
Meow,3.41,1050.25,10,1,Hungry
Hiss,1.38,683.28,19,1,Angry
Meow,1.14,343.53,17,0,Open_Door
Meow,0.93,370.01,17,0,Open_Door
Meow,3.32,602.87,7,1,Hungry
